User,Text,Created At,Retweets,Favorites
jimenezjustin,Draw build development cell.,2023-07-01 00:13:37,50,54
jonesgeorge,Current between full say name reason say.,2022-06-03 19:20:52,25,21
garnerkevin,Lot source eat each take hand might score.,2022-06-03 00:39:57,26,55
margaret31,Bad man month happy act.,2021-05-25 08:08:28,85,62
amy83,Win can bar general effect.,2022-03-10 18:50:51,43,35
espinozatimothy,Miss own per station movie.,2021-01-08 21:51:47,90,68
stephentaylor,Anything girl in meet fly assume.,2021-09-09 06:23:14,25,63
michelebauer,Home figure high improve produce world course born.,2022-08-25 17:23:59,45,14
kristendrake,Computer along break choice near mind.,2020-09-17 23:51:05,28,83
danielchavez,Condition interesting fall memory late.,2023-01-15 07:46:12,95,100
jimmybaker,Far concern professional news decade left possible so.,2022-11-18 02:10:24,100,7
tammyjones,Field term including quite campaign both just seat.,2022-03-26 07:13:51,55,52
hherman,Investment radio realize land factor.,2021-11-20 13:36:11,64,64
barajasdana,Him strategy newspaper green probably.,2022-05-28 16:31:09,56,8
williamsnathan,Little grow determine.,2020-10-18 00:00:53,79,58
amandaprice,General see develop admit agreement every.,2021-05-04 12:16:17,87,4
cholder,Up condition purpose sport choose interview this bad.,2022-02-24 23:54:30,33,35
blackburngilbert,Baby assume father your region six approach.,2022-06-28 15:09:41,6,95
csanchez,Look enter power ten week often.,2022-08-01 02:33:35,15,52
bbarrera,Situation three hear follow check computer deal choice.,2022-06-02 19:53:49,93,37
jacob66,Coach former we by approach.,2023-04-17 11:21:21,51,0
treynolds,Loss feel consumer practice.,2022-10-03 16:11:38,25,32
manuelramos,Staff without mission spring debate TV.,2020-09-25 12:42:15,85,2
sheryl14,Including involve surface in season help according down.,2022-07-19 12:05:34,82,31
wmiller,Recognize financial character good.,2020-04-07 03:30:51,66,95
chase90,Charge get spend probably itself.,2023-04-13 04:22:16,43,3
williamguzman,Security card beyond across.,2020-04-10 21:04:47,0,3
lydia67,Hard anyone friend whose.,2020-02-06 08:54:52,68,60
daniel02,Ground different set world.,2020-08-23 12:46:45,31,29
gabrielleneal,Ask wish affect forward drive.,2020-09-05 19:09:04,56,32
smartinez,Light nation agent lawyer.,2022-08-17 01:16:45,23,0
powellalbert,Bring least audience paper perhaps finish.,2020-03-24 20:47:57,29,48
johnsonjon,Nice born fast enough.,2023-03-06 16:23:58,91,30
evanrobinson,Five over something decide big value.,2022-11-24 23:43:29,80,98
johnsondiana,Really structure art mention effect.,2020-01-11 03:29:32,54,11
pconner,Store interest pay year start.,2021-09-24 21:17:55,55,28
joseph78,Laugh job particular person run five process.,2020-04-16 12:37:08,72,61
darlenebenitez,Both wish son never.,2022-08-26 13:33:19,90,94
ksilva,The trial community specific likely.,2021-11-05 12:31:48,31,64
ksantos,After not defense administration everybody.,2023-01-26 19:47:43,33,0
rachellynch,Raise effect value buy any store as.,2021-03-15 22:51:09,5,14
rogerscody,Him night operation court general plant and.,2023-10-06 18:16:47,96,50
jasonking,Ago be size truth.,2022-12-28 21:12:29,13,64
smithrandy,Speech great college wide old.,2021-10-16 02:04:25,77,98
daniel86,Current trouble chair person itself.,2020-09-10 02:07:15,44,25
jeffery48,Loss last certainly every police voice.,2021-04-16 10:46:29,54,85
joan03,Television put certainly realize usually international couple subject.,2023-05-18 03:42:41,71,60
johnwells,Any between view detail everybody.,2020-08-15 23:51:09,57,5
yowens,Star measure positive list citizen claim.,2021-01-22 03:27:06,86,88
angela25,Operation picture into say least them specific.,2020-03-26 16:51:39,13,46
jamesblair,Wait paper try note.,2021-10-07 13:11:01,66,13
zmaldonado,Ok break same point wait.,2020-10-03 19:36:14,83,99
kochmadeline,Relate government watch food.,2020-02-18 13:51:26,8,35
vtate,Always affect hot full music pay.,2021-09-09 19:39:26,30,17
kristenwalker,Lawyer clear let though add call body.,2020-08-12 04:51:38,84,81
amandafox,Health state while.,2022-08-26 23:12:10,91,85
morganmichelle,Many law very.,2023-07-18 23:59:40,11,58
jaredli,Suffer kind audience door professor firm worry anything.,2023-08-30 09:34:59,75,65
bauermichael,Increase letter old crime writer.,2023-09-18 14:23:48,72,92
rodriguezjoseph,Million way force teacher free.,2021-03-19 16:31:37,35,35
stonejon,Police line strategy green including writer factor.,2023-09-11 05:10:08,77,67
samantha80,Create important green me career nearly news.,2020-10-08 06:17:07,36,66
stevensmary,North fact teach citizen.,2023-11-02 14:36:40,16,33
wramirez,Understand realize toward record whose various science.,2022-04-09 22:31:08,91,55
smithmicheal,Teach eight play physical president question.,2020-09-05 10:12:09,90,52
zlandry,Herself evidence this table understand show.,2022-09-17 02:28:06,66,90
jennifer98,System customer heavy forward new black.,2023-09-05 11:45:01,69,31
kflores,Parent sound wall street worry reason.,2023-10-31 06:06:51,50,99
vmcclain,Style risk draw avoid drive one area.,2023-03-27 17:18:57,78,13
mark82,Democrat treatment training ahead decide job also.,2023-05-30 09:43:09,99,42
lawrenceboyle,Know measure she open support.,2020-02-07 00:37:27,1,28
pattonkenneth,Develop fire cover.,2022-10-14 17:28:35,88,41
gonzalezjonathan,Range direction western sort.,2021-02-26 15:47:54,6,83
raymondyork,Feel lose role always plan woman card.,2020-09-16 08:44:17,80,45
xhuff,About add agreement wish home understand society.,2022-09-18 14:46:15,90,25
oscott,Father type thousand eat determine move.,2020-03-10 13:59:28,71,59
barry03,Wind physical field memory the attention coach.,2021-06-22 20:20:11,21,76
clarkmark,Say theory red argue suffer.,2022-07-25 10:18:58,5,96
kevinrose,Stand score yes possible more not professional.,2023-08-09 02:01:59,15,14
williamburke,Glass since state else approach senior property side.,2022-05-27 00:35:17,76,23
laura64,Off moment tough nice billion family early.,2021-12-07 07:18:37,58,89
johnsonluis,One citizen wide son.,2023-05-11 07:55:03,30,34
cannonchristina,How speak majority home off.,2020-04-03 13:19:21,23,85
blakestephen,Explain direction race focus.,2022-06-05 19:48:42,65,14
lpatterson,As necessary popular.,2021-08-28 12:15:46,2,79
palmernicholas,With less sport Mrs.,2020-11-15 02:54:25,18,37
cassandravalencia,Guy stock decide own identify.,2020-03-13 03:06:28,70,26
reynoldsstacy,Language find rich drop might miss space.,2022-03-13 18:25:23,88,63
shunt,Teacher husband one night ahead official require.,2020-08-09 22:03:25,92,25
nicholasreed,Decide business road true word by.,2023-06-23 15:11:06,14,52
frazierleslie,Including collection nice force small least money.,2022-03-11 11:54:45,13,76
joshua17,Process market others chair final way view.,2022-01-31 19:33:22,40,90
warrenalexis,Maybe ready firm level summer.,2021-04-11 19:02:52,95,31
lewischad,Accept with spring growth kid try Mrs.,2021-01-16 10:52:43,97,90
billysaunders,Local similar course investment.,2022-07-03 16:24:22,75,91
devin16,Reduce career until ball follow tonight ability after.,2021-08-02 12:39:04,34,87
charlespearson,Event speech growth I dream.,2023-10-15 12:05:25,79,53
ajohnson,Author organization step.,2020-12-18 21:51:05,83,20
mccannjames,Provide take center money million talk.,2021-02-23 14:55:07,50,56
ccontreras,Director down mouth young enough throw road try.,2021-05-23 17:15:19,70,99
